{
    "train_loss": [
        0.4505290273303366,
        0.3979444255957664,
        0.37547696296567634,
        0.35009078277369676,
        0.33196901890980657,
        0.10761763727227305,
        0.03742821890239092,
        0.017338389750695807,
        0.010962582282968342,
        0.008587319695441508,
        0.006758515482317601,
        0.005264138947486434,
        0.004816231859594637,
        0.004386555853420856,
        0.0035330666169984142,
        0.00307222656955551,
        0.0040202673452257075,
        0.0034028704048201016,
        0.0011128409815283503,
        0.002156629668600412,
        0.0030274336587751936,
        0.0024918120208120356,
        0.0026337322922737496,
        0.0017788470781999082,
        0.00179502936802209,
        0.0026246834299547554,
        0.0022783186889428547,
        0.001942777062317796,
        0.0005451953416068026,
        0.002508471486476082,
        0.001441120455640367,
        0.002023716304075801,
        0.002885068767597624,
        0.0008579843114007702,
        0.0007665757498546293,
        0.0013423591430415506,
        0.0017372523137667742,
        0.0015068772632281615,
        0.00145665463774801,
        0.0012770076434103063,
        0.001069884112208155,
        9.766578213682949e-05,
        0.0011080587240438469,
        0.002885368991213757,
        0.0005328434905575965,
        0.00021676181141126228,
        0.0017524127331259502,
        0.001508404845983231,
        0.00030546357147220366,
        0.0018623302984246393
    ],
    "train_acc": [
        0.7879811087570622,
        0.822806320621469,
        0.8318767655367232,
        0.8477445268361582,
        0.8560646186440678,
        0.959811970338983,
        0.9858315677966102,
        0.9934895833333334,
        0.9963806497175142,
        0.9971751412429378,
        0.9975503177966102,
        0.9982344632768362,
        0.9983448093220338,
        0.9986979166666666,
        0.9989186087570622,
        0.998874470338983,
        0.9988082627118644,
        0.9989627471751412,
        0.9996027542372882,
        0.9991393008474576,
        0.999073093220339,
        0.9989406779661016,
        0.999117231638418,
        0.9994703389830508,
        0.999315854519774,
        0.9990951624293786,
        0.9992496468926554,
        0.9995365466101694,
        0.999801377118644,
        0.999271716101695,
        0.9994924081920904,
        0.999271716101695,
        0.999271716101695,
        0.999757238700565,
        0.9998234463276836,
        0.9994924081920904,
        0.999315854519774,
        0.9995365466101694,
        0.9995806850282486,
        0.999558615819209,
        0.9995806850282486,
        1.0,
        0.9996689618644068,
        0.9992496468926554,
        0.9998896539548022,
        0.9999337923728814,
        0.9993820621468926,
        0.9996248234463276,
        0.9999337923728814,
        0.9996248234463276
    ],
    "val_loss": [
        0.5566577503068298,
        0.5419729740942939,
        0.50518871616509,
        0.5023254908747592,
        0.44712906840157374,
        0.2142745139376812,
        0.19860128125235932,
        0.15333752038052315,
        0.26844942574821856,
        0.18511272225939265,
        0.13585301886218998,
        0.20697472191825794,
        0.2026888518286558,
        0.2357560805233156,
        0.25394879650599644,
        0.1777265569693337,
        0.19900507411278068,
        0.23552909413410406,
        0.20754721649692115,
        0.21210257563372575,
        0.225267857669403,
        0.18665677185134688,
        0.1969721631219825,
        0.1843125886867285,
        0.2861963625990056,
        0.196466455587259,
        0.24413243666312925,
        0.20609474012310516,
        0.1825123214176999,
        0.24339029985086733,
        0.2381086062370178,
        0.27770359421105584,
        0.14419141665142549,
        0.1661885876812831,
        0.4865454806430502,
        0.2259141442058572,
        0.16894347476207625,
        0.34470965112611174,
        0.22965647229186378,
        0.3345246500828745,
        0.2002419744948818,
        0.21300886024601295,
        0.25285273192595153,
        0.23737053403597702,
        0.19069379422369367,
        0.14642757927084457,
        0.15886851522460899,
        0.15821883410563192,
        0.17367786742261843,
        0.1612927639533128
    ],
    "val_acc": [
        0.704978813559322,
        0.7194562146892656,
        0.7639477401129944,
        0.7725988700564972,
        0.8059675141242938,
        0.9046610169491526,
        0.9230225988700564,
        0.952683615819209,
        0.9226694915254238,
        0.9548022598870056,
        0.9676906779661016,
        0.9516242937853108,
        0.9569209039548022,
        0.948093220338983,
        0.9431497175141242,
        0.9638064971751412,
        0.9586864406779662,
        0.9491525423728814,
        0.9590395480225988,
        0.96045197740113,
        0.963276836158192,
        0.9631002824858758,
        0.959569209039548,
        0.9631002824858758,
        0.9484463276836158,
        0.9622175141242938,
        0.9525070621468926,
        0.9643361581920904,
        0.965042372881356,
        0.9583333333333334,
        0.9567443502824858,
        0.9482697740112994,
        0.9717514124293786,
        0.966454802259887,
        0.9263771186440678,
        0.9648658192090396,
        0.9675141242937854,
        0.9426200564971752,
        0.9570974576271186,
        0.9456214689265536,
        0.9636299435028248,
        0.9676906779661016,
        0.9643361581920904,
        0.9533898305084746,
        0.9662782485875706,
        0.973340395480226,
        0.9713983050847458,
        0.9691031073446328,
        0.9671610169491526,
        0.9699858757062146
    ],
    "val_eer": [],
    "epoch": [
        1,
        2,
        3,
        4,
        5,
        6,
        7,
        8,
        9,
        10,
        11,
        12,
        13,
        14,
        15,
        16,
        17,
        18,
        19,
        20,
        21,
        22,
        23,
        24,
        25,
        26,
        27,
        28,
        29,
        30,
        31,
        32,
        33,
        34,
        35,
        36,
        37,
        38,
        39,
        40,
        41,
        42,
        43,
        44,
        45,
        46,
        47,
        48,
        49,
        50
    ]
}